Topic,Name,Button_id
Problem solving 1: Problem solving and modelling,Test PS1,3
Problem solving 2: Notation and proof,Test PS2,4
Surds and indices 1: Surds,Test S1,5
Surds and indices 2: Indices,Test S2,6
Quadratic functions 1: Quadratic graphs and equations,Test Q1,7
Quadratic functions 2: The quadratic formula,Test Q2,8
Equations and inequalities 1: Simultaneous equations,Test E1,9
Equations and inequalities 2: Inequalities,Test E2,11
Coordinate geometry 1: Points and straight lines,Test C1,10
Coordinate geometry 2: Circles,Test C2,13
Trigonometry 1: Trigonometric functions and identities,Test T1,12
Trigonometry 2: Trigonometric equations,Test T2,15
Trigonometry 3: The sine and cosine rules,Test T3,16
Polynomials 1: Polynomial functions and graphs,Test P1,14
Polynomials 2: Dividing and factorising polynomials,Test P2,18
Graphs and transformations 1: Sketching graphs,Test G1,17
Graphs and transformations 2: Transformations of graphs,Test G2,20
Differentiation 1: Introduction to differentiation,Test D1,19
Differentiation 2: Maximum and minimum points,Test D2,23
Differentiation 3: Extending the rule,Test D3,24
Differentiation 4: More differentiation,Test D4,25
Integration 1: Introduction to integration,Test I1,21
Integration 2: Finding the area under a curve,Test I2,26
Integration 3: Further integration,Test I3,27
The binomial expansion 1: Using the binomial expansion,Test B1,32
Vectors 1: Working with vectors,Test V1,22
Exponentials and logarithms 1: Exponential functions and logarithms,Test L1,29
Exponentials and logarithms 2: Natural logarithms and exponentials,Test L2,30
Exponentials and logarithms 3: Modelling curves,Test L3,31
